employeeId,employeeName,employeeType,departmentId
1,John Doe,Sales,101
2,Jane Smith,Sales,102
3,Alice Brown,Marketing,103
4,Bob White,Sales,101
5,Eve Black,Marketing,103
6,Charlie Green,HR,104
7,David Blue,Sales,102
8,Frank Yellow,Sales,101
9,Grace Red,Marketing,103
10,Henry Gold,HR,104
11,Isabel Purple,Sales,101
12,Jack Grey,Sales,102
13,Karen White,Marketing,103
14,Liam Orange,HR,104
15,Mona Blue,Sales,101
16,Nathan Silver,Sales,102
17,Olivia Copper,Marketing,103
18,Paul Pink,Sales,101
19,Quincy Brown,Sales,102
20,Rachel Green,HR,104
21,Sam Black,Sales,101
22,Tina Gold,Sales,102
23,Uma White,Marketing,103
24,Vera Red,Marketing,103
25,Will Green,Sales,101
26,Xander Brown,Sales,102
27,Yara Purple,HR,104
28,Zane Blue,Sales,101
29,Alan Grey,Sales,102
30,Bea Yellow,Marketing,103
31,Chris Copper,HR,104
32,Dan Red,Sales,101
33,Emily Pink,Sales,102
34,Frank Green,Marketing,103
35,Grace Silver,Sales,101
36,Henry Blue,Sales,102
37,Isabel Copper,Marketing,103
38,Jack Brown,Sales,101
39,Kate Gold,Sales,102
40,Luke White,Marketing,103
41,Maya Green,Sales,101
42,Nina Brown,Sales,102
43,Oscar Yellow,HR,104
44,Peter Blue,Sales,101
45,Quinn Copper,Sales,102
46,Rachel Red,Marketing,103
47,Sam Gold,HR,104
48,Tom Green,Sales,101
49,Uma Yellow,Sales,102
50,Vicky Pink,Marketing,103
51,Will Red,Sales,101
52,Xander Green,Sales,102
53,Yasmine Copper,HR,104
54,Zoe Blue,Sales,101
55,Alex Grey,Sales,102
56,Bea Copper,Marketing,103
57,Charlie Pink,Sales,101
58,David Gold,Sales,102
59,Eve Red,Marketing,103
60,Frank White,Sales,101
61,Grace Copper,Sales,102
62,Henry Green,Marketing,103
63,Isabel Yellow,Sales,101
64,Jack Pink,Sales,102
65,Karen Red,Marketing,103
66,Liam Blue,HR,104
67,Mona White,Sales,101
68,Nathan Red,Sales,102
69,Olivia Copper,Marketing,103
70,Paul Blue,Sales,101
71,Quincy Green,Sales,102
72,Rachel Pink,Marketing,103
73,Sam White,Sales,101
74,Tina Red,Sales,102
75,Uma Green,Marketing,103
76,Vera Pink,Sales,101
77,Will Yellow,Sales,102
78,Xander Red,HR,104
79,Yara Blue,Sales,101
80,Zane Copper,Sales,102
81,Alan Green,Marketing,103
82,Bea Pink,Sales,101
83,Chris Yellow,Sales,102
84,Dan Blue,Marketing,103
85,Emily Green,Sales,101
86,Frank Red,Sales,102
87,Grace White,Marketing,103
88,Henry Pink,Sales,101
89,Isabel Green,Sales,102
90,Jack Copper,Marketing,103
91,Kate Yellow,Sales,101
92,Luke Red,Sales,102
93,Maya Pink,Marketing,103
94,Nina Green,Sales,101
95,Oscar Red,Sales,102
96,Peter Copper,HR,104
97,Quinn Green,Sales,101
98,Rachel Blue,Sales,102
99,Sam Yellow,Marketing,103
100,Tom Red,Sales,101
